phenotype,t_stat,p_value
Phenotype_A,42.69414262135077,0.0
Phenotype_B,368.8062788539998,0.0
Phenotype_C,658.4952733076246,0.0
Phenotype_D,311.67799633331344,0.0
Phenotype_E,-835.7621179962902,0.0
